{
    "transform": "triv_aug",
    "batch_size": 16,
    "epochs": 5,
    "lr": 0.0001,
    "final_test_loss": 0.274608850479126,
    "final_test_ham_acc": 0.8812500238418579,
    "final_test_zero_one_acc": 0.11250000447034836
}